{
  "cache_root": "artifacts/benchmark/drivaerml_cache",
  "cached_boundary_vtp_count": 24,
  "claim_boundary": {
    "aerocliff_accuracy": false,
    "boundary_fields_downloaded_in_this_goal": false,
    "f1_accuracy": false,
    "field_prediction": false,
    "new_downloads": false,
    "surface_field_readiness_only": true,
    "volume_fields_downloaded": false
  },
  "classification": "AEROMAP_3D_SURFACE_FIELD_READINESS_SAMPLE",
  "decision": {
    "field_region_mini_proof_authorised_without_download": true,
    "next_step_if_approved": "Use a separately approved small boundary-field subset for region-aware surface metrics; do not infer field-prediction accuracy from this readiness sample."
  },
  "inspected_case_count": 1,
  "inspected_cases": [
    {
      "CpMeanTrim_left_right_bins": [
        {
          "area": 17.940159856638047,
          "bin": 0,
          "cell_count": 4229581,
          "coord_max": -7.450580596923828e-09,
          "coord_min": -0.9481187611818314,
          "max": 1.1710460186004639,
          "min": -4.7119574546813965,
          "p05": -0.9519191384315491,
          "p95": 0.22899016737937927,
          "weighted_mean": -0.19910269746297762,
          "weighted_rms_about_mean": 0.24586951701194446
        },
        {
          "area": 17.019325716394977,
          "bin": 1,
          "cell_count": 4179739,
          "coord_max": 0.9481187462806702,
          "coord_min": -7.450580596923828e-09,
          "max": 1.1855207681655884,
          "min": -3.579359769821167,
          "p05": -0.9573150098323822,
          "p95": 0.24213219583034506,
          "weighted_mean": -0.2073854421303241,
          "weighted_rms_about_mean": 0.25201313921351803
        }
      ],
      "CpMeanTrim_stats": {
        "max": 1.1855207681655884,
        "min": -4.7119574546813965,
        "p05": -0.954687649011612,
        "p95": 0.23535529673099514,
        "weighted_mean": -0.20313498589653628,
        "weighted_rms_about_mean": 0.2489137911814157
      },
      "CpMeanTrim_streamwise_bins": [
        {
          "area": 2.952008040200712,
          "bin": 0,
          "cell_count": 304757,
          "coord_max": -0.3127978164702654,
          "coord_min": -0.9136341065168381,
          "max": 1.0087472200393677,
          "min": -3.3554391860961914,
          "p05": -0.740719735622406,
          "p95": 0.8748787760734559,
          "weighted_mean": -0.10864041222407672,
          "weighted_rms_about_mean": 0.45726125525927697
        },
        {
          "area": 5.848345839137044,
          "bin": 1,
          "cell_count": 2749676,
          "coord_max": 0.2880384735763073,
          "coord_min": -0.3127978164702654,
          "max": 1.1855207681655884,
          "min": -4.7119574546813965,
          "p05": -1.1550718545913696,
          "p95": 0.10081668011844158,
          "weighted_mean": -0.31083375877472336,
          "weighted_rms_about_mean": 0.22472702781644177
        },
        {
          "area": 4.568084196384038,
          "bin": 2,
          "cell_count": 681740,
          "coord_max": 0.88887476362288,
          "coord_min": 0.2880384735763073,
          "max": 0.9889963865280151,
          "min": -3.4085938930511475,
          "p05": -1.1109334528446198,
          "p95": 0.3865498065948486,
          "weighted_mean": -0.19984700670160024,
          "weighted_rms_about_mean": 0.3083069779908957
        },
        {
          "area": 3.982715619401118,
          "bin": 3,
          "cell_count": 555859,
          "coord_max": 1.4897110536694527,
          "coord_min": 0.88887476362288,
          "max": 0.13919444382190704,
          "min": -3.4138894081115723,
          "p05": -1.5487620115280152,
          "p95": -0.06797716096043588,
          "weighted_mean": -0.29211084087404815,
          "weighted_rms_about_mean": 0.2865538224495343
        },
        {
          "area": 3.7029692400922647,
          "bin": 4,
          "cell_count": 287148,
          "coord_max": 2.0905473437160254,
          "coord_min": 1.4897110536694527,
          "max": 0.5323987007141113,
          "min": -1.6387019157409668,
          "p05": -0.375517874956131,
          "p95": 0.0333134902641175,
          "weighted_mean": -0.17037898688019185,
          "weighted_rms_about_mean": 0.12714560149986234
        },
        {
          "area": 4.643063059488435,
          "bin": 5,
          "cell_count": 945186,
          "coord_max": 2.691383633762598,
          "coord_min": 2.0905473437160254,
          "max": 0.6606521010398865,
          "min": -1.5067851543426514,
          "p05": -0.4722520112991333,
          "p95": 0.2620830163359642,
          "weighted_mean": -0.21229078531395124,
          "weighted_rms_about_mean": 0.1420784553673716
        },
        {
          "area": 5.91682398262875,
          "bin": 6,
          "cell_count": 2483936,
          "coord_max": 3.2922199238091707,
          "coord_min": 2.691383633762598,
          "max": 0.8979576826095581,
          "min": -2.054568290710449,
          "p05": -0.62847900390625,
          "p95": 0.10513908602297306,
          "weighted_mean": -0.17554863863022693,
          "weighted_rms_about_mean": 0.14205969540464067
        },
        {
          "area": 3.345475595700664,
          "bin": 7,
          "cell_count": 401018,
          "coord_max": 3.8930562138557434,
          "coord_min": 3.2922199238091707,
          "max": 0.23091745376586914,
          "min": -0.6019454002380371,
          "p05": -0.18001958653330802,
          "p95": 0.11084549836814396,
          "weighted_mean": -0.06914816879864791,
          "weighted_rms_about_mean": 0.08557807148995185
        }
      ],
      "area_total": 34.95948557303303,
      "bytes": 628153533,
      "cell_fields": [
        "CpMeanTrim",
        "pMeanTrim",
        "pPrime2MeanTrim",
        "wallShearStressMeanTrim"
      ],
      "n_cells": 8409320,
      "n_points": 8420363,
      "pMeanTrim_left_right_bins": [
        {
          "area": 17.940159856638047,
          "bin": 0,
          "cell_count": 4229581,
          "coord_max": -7.450580596923828e-09,
          "coord_min": -0.9481187611818314,
          "max": 885.5182495117188,
          "min": -3563.07470703125,
          "p05": -719.8195190429688,
          "p95": 173.15713500976562,
          "weighted_mean": -150.556912410475,
          "weighted_rms_about_mean": 185.92091324892283
        },
        {
          "area": 17.019325716394977,
          "bin": 1,
          "cell_count": 4179739,
          "coord_max": 0.9481187462806702,
          "coord_min": -7.450580596923828e-09,
          "max": 896.4636840820312,
          "min": -2706.630126953125,
          "p05": -723.899737548828,
          "p95": 183.09483642578118,
          "weighted_mean": -156.8201347526001,
          "weighted_rms_about_mean": 190.56658001588468
        }
      ],
      "pMeanTrim_stats": {
        "max": 896.4636840820312,
        "min": -3563.07470703125,
        "p05": -721.9130035400391,
        "p95": 177.97029800415038,
        "weighted_mean": -153.6060368277134,
        "weighted_rms_about_mean": 188.22292383402996
      },
      "pMeanTrim_streamwise_bins": [
        {
          "area": 2.952008040200712,
          "bin": 0,
          "cell_count": 304757,
          "coord_max": -0.3127978164702654,
          "coord_min": -0.9136341065168381,
          "max": 762.7915649414062,
          "min": -2537.306640625,
          "p05": -560.1153198242188,
          "p95": 661.5633544921875,
          "weighted_mean": -82.15139839827208,
          "weighted_rms_about_mean": 345.77051765282494
        },
        {
          "area": 5.848345839137044,
          "bin": 1,
          "cell_count": 2749676,
          "coord_max": 0.2880384735763073,
          "coord_min": -0.3127978164702654,
          "max": 896.4636840820312,
          "min": -3563.07470703125,
          "p05": -873.4389495849609,
          "p95": 76.23526763916016,